dataset,profile_id,strata,hard_ratio,mid_ratio,easy_ratio,ranking_mode,n_seeds,val_f1_mean,val_f1_std,val_auc_mean,val_auc_std,val_pr_auc_mean,val_pr_auc_std,test1_f1_report_only_mean,test1_f1_report_only_std,test1_auc_report_only_mean,test1_auc_report_only_std,test1_pr_auc_report_only_mean,test1_pr_auc_report_only_std,test2_f1_report_only_mean,test2_f1_report_only_std,test2_auc_report_only_mean,test2_auc_report_only_std,test2_pr_auc_report_only_mean,test2_pr_auc_report_only_std,selection_score,mean_external_f1_report_only
df,s12_h0p45_m0p40_e0p15,12,0.45,0.4,0.15,distance_only,5,1.0,0.0,1.0,0.0,1.0,1.5700924586837752e-16,0.9364716903527303,0.015155449389319646,0.9995690893421431,0.0003966303151819655,0.9984056928357667,0.0014529086355315392,0.931248263139157,0.012530306877476005,0.9993361581920904,0.00047268928052771996,0.9978451363970299,0.001334493574940444,1.05,0.9338599767459437
df,s10_h0p65_m0p25_e0p10,10,0.65,0.25,0.1,distance_only,5,1.0,0.0,1.0,0.0,1.0,1.1102230246251565e-16,0.9640475118916101,0.017615989663833875,0.9991525423728813,0.0009451700015146493,0.9970065074020027,0.0033810406914143894,0.9723498964754214,0.02074704495794818,0.9987853107344632,0.001001730125790789,0.9966190815584998,0.0022637574159558513,1.05,0.9681987041835157
df,s10_h0p60_m0p25_e0p15,10,0.6,0.25,0.15,distance_only,5,1.0,0.0,1.0,0.0,1.0,1.1102230246251565e-16,0.9722888734055235,0.02329887581632391,0.9991238149956908,0.0008932666958193903,0.9969506299265829,0.003106362642464628,0.9755479450796714,0.020251392770286033,0.9992655367231638,0.0005033482960792886,0.9976571523709321,0.0014765439385401296,1.05,0.9739184092425974
df,s10_h0p60_m0p30_e0p10,10,0.6,0.3,0.1,distance_only,5,1.0,0.0,1.0,0.0,1.0,1.5700924586837752e-16,0.9748718425596881,0.009950582576665081,0.9994829072105716,0.000490788553957797,0.9982489932047482,0.001464909861277235,0.9673932348823555,0.014683697751895026,0.999180790960452,0.0004538494071485789,0.9973846042652861,0.0011831314654289988,1.05,0.9711325387210218
df,s10_h0p65_m0p20_e0p15,10,0.65,0.2,0.15,distance_only,5,1.0,0.0,1.0,0.0,1.0,1.5700924586837752e-16,0.9655066434042174,0.02209531633045222,0.9990663602413099,0.0011702219719046403,0.9967232851341812,0.004220735031094134,0.9671970624507136,0.013394986939121157,0.9988418079096044,0.0009416784350724881,0.9967293900129721,0.0021992606710659773,1.05,0.9663518529274655
df,s10_h0p60_m0p20_e0p20,10,0.6,0.2,0.2,distance_only,5,1.0,0.0,1.0,0.0,1.0,1.5700924586837752e-16,0.9814532101560671,0.012362051942797686,0.9993823613904051,0.0006862326449636268,0.9979960283555963,0.001987441774636639,0.9723225797636127,0.01990244728469513,0.9992372881355932,0.0005387635910384603,0.9975900418110679,0.0015425823999133386,1.05,0.9768878949598399
df,s8_h0p55_m0p25_e0p20,8,0.55,0.25,0.2,distance_only,5,1.0,0.0,1.0,0.0,1.0,1.5700924586837752e-16,0.9482081614753113,0.03841702618996899,0.9997127262280954,0.0004844418831956523,0.9989923712312594,0.0016384704187425384,0.9410100081127745,0.03359759619314915,0.9994067796610169,0.00020345847868483906,0.9979744890914113,0.000631673203125287,1.05,0.9446090847940429
df,s8_h0p55_m0p30_e0p15,8,0.55,0.3,0.15,distance_only,5,1.0,0.0,1.0,0.0,1.0,1.5700924586837752e-16,0.9502598494584611,0.045693357000265535,0.999683998850905,0.000627333174430424,0.9989329313933576,0.0020750217860151954,0.9434594743416556,0.04542374938451193,0.9993644067796609,0.00020589519402699547,0.9978468524900226,0.0006148541734901752,1.05,0.9468596619000583
df,s8_h0p55_m0p35_e0p10,8,0.55,0.35,0.1,distance_only,5,1.0,0.0,1.0,0.0,1.0,1.1102230246251565e-16,0.9502758285702321,0.04549971285856091,0.9996409077851192,0.0006093996965123969,0.9987707597028941,0.0020113859911355383,0.9379701900540685,0.05025299695794012,0.9994067796610169,0.0003621717911004921,0.9980213560933446,0.0011379256407791133,1.05,0.9441230093121502
df,s8_h0p60_m0p25_e0p15,8,0.6,0.25,0.15,distance_only,5,1.0,0.0,1.0,0.0,1.0,1.5700924586837752e-16,0.9480766673281098,0.03974689606579176,0.9998563631140478,0.00013436000383415568,0.9994567245524053,0.0005068342018861228,0.9429047533647605,0.041894324534807875,0.9993926553672317,0.0002476790666207665,0.9979412118666353,0.0007492653088539303,1.05,0.9454907103464352
df,s8_h0p65_m0p20_e0p15,8,0.65,0.2,0.15,distance_only,5,1.0,0.0,1.0,0.0,1.0,1.1102230246251565e-16,0.9724072737420668,0.025551812505718613,0.9998563631140478,0.00022135930777679861,0.9994764484649666,0.0007958590359739106,0.959622373087789,0.040524485754630815,0.9994915254237288,0.0002798250389287818,0.9982554199401005,0.0008736355184536459,1.05,0.966014823414928
df,s8_h0p50_m0p30_e0p20,8,0.5,0.3,0.2,distance_only,5,1.0,0.0,1.0,0.0,1.0,1.1102230246251565e-16,0.9690497564415093,0.023147860324580036,0.9996983625395,0.0005213643037311941,0.999016654525487,0.0016069547217167333,0.9614290838286534,0.019336851199451048,0.9994774011299434,0.000368992951344987,0.9982417005959429,0.0011558182328893912,1.05,0.9652394201350813
df,s12_h0p45_m0p35_e0p20,12,0.45,0.35,0.2,distance_only,5,1.0,0.0,1.0,0.0,1.0,0.0,0.9483025632552918,0.011853628419655758,0.9995547256535477,0.00041691827847456026,0.9983511696562848,0.001486641912328831,0.9342214914856136,0.013619563252742673,0.9992514124293784,0.0006087390378392648,0.997652849170063,0.0015968422372470206,1.05,0.9412620273704527
df,s12_h0p40_m0p40_e0p20,12,0.4,0.4,0.2,distance_only,5,1.0,0.0,1.0,0.0,1.0,1.9229626863835638e-16,0.9537992363040019,0.0276478950664371,0.9997270899166907,0.000377986135218052,0.9989767571036037,0.0013841575582030298,0.9402838229355946,0.025623983853873964,0.9992937853107347,0.0005627605031959439,0.9977571592485053,0.0015227923580895572,1.05,0.9470415296197983
df,s12_h0p50_m0p35_e0p15,12,0.5,0.35,0.15,distance_only,5,1.0,0.0,1.0,0.0,1.0,1.1102230246251565e-16,0.9545446538846469,0.016399581215831932,0.9997270899166907,0.000356931158856322,0.9990114922507575,0.001275684809812271,0.9446805882113655,0.01638989123266362,0.9993644067796609,0.00040260431677227067,0.9978984561076336,0.0010955895671805685,1.05,0.9496126210480063
df,s12_h0p50_m0p40_e0p10,12,0.5,0.4,0.1,distance_only,5,1.0,0.0,1.0,0.0,1.0,0.0,0.9483304278288684,0.015309513604850679,0.9997127262280955,0.0003697080630920284,0.998953046897163,0.0013306356300154816,0.9386286875153903,0.01358530746037197,0.9993079096045197,0.00041600781002887495,0.9977350582323481,0.001113287559210032,1.05,0.9434795576721293
df,s12_h0p50_m0p30_e0p20,12,0.5,0.3,0.2,distance_only,5,1.0,0.0,1.0,0.0,1.0,0.0,0.9545704603362601,0.018127964358849533,0.9996696351623097,0.00042366794610034685,0.9988043303939174,0.0015176671788589386,0.9444451612903226,0.007060838267850735,0.9993079096045199,0.00044497129949217494,0.9977440978904252,0.001165121049421011,1.05,0.9495078108132914
df,s4_h0p50_m0p40_e0p10,4,0.5,0.4,0.1,distance_only,5,1.0,0.0,1.0,0.0,1.0,1.1102230246251565e-16,0.9383974043764483,0.047455811838988816,0.9995259982763575,0.000529219575608782,0.998246989706527,0.001949631385581017,0.9265856341121621,0.04135126148007595,0.9989265536723163,0.0005102370584233977,0.9967274896688203,0.0012531787715530044,1.05,0.9324915192443052
df,s4_h0p45_m0p40_e0p15,4,0.45,0.4,0.15,distance_only,5,1.0,0.0,1.0,0.0,1.0,1.5700924586837752e-16,0.9303243292026014,0.037442482702148595,0.9994254524561906,0.0004736751636840242,0.9978429431072616,0.0017217145347316579,0.9266308463588999,0.015850846261346134,0.9990677966101694,0.000256580538482822,0.9970221471431083,0.0006957475635637394,1.05,0.9284775877807507
df,s4_h0p50_m0p30_e0p20,4,0.5,0.3,0.2,distance_only,5,1.0,0.0,1.0,0.0,1.0,1.9229626863835638e-16,0.9438527363184079,0.04292450438163495,0.9995834530307383,0.0003421755027167893,0.9984541272553805,0.001231167437788147,0.9346938448472029,0.03141037876344629,0.9990395480225989,0.00047004410430205877,0.9969742693003563,0.0011863083468809945,1.05,0.9392732905828054
df,s12_h0p60_m0p25_e0p15,12,0.6,0.25,0.15,distance_only,5,1.0,0.0,1.0,0.0,1.0,0.0,0.9644560588463028,0.0268487875212732,0.9998276357368571,0.0002569454728526505,0.9993677904335762,0.000936279873803324,0.9539773352972969,0.02619316589132151,0.9993079096045197,0.0007104393412406258,0.9978714208610626,0.0018422762175995511,1.05,0.9592166970717999
df,s12_h0p60_m0p30_e0p10,12,0.6,0.3,0.1,distance_only,5,1.0,0.0,1.0,0.0,1.0,1.5700924586837752e-16,0.967343717974995,0.019748129373477308,0.999813272048262,0.00023601948757763624,0.9993078517267013,0.000856288384648883,0.952404631045664,0.02542457504388904,0.9992796610169492,0.0009145412058293637,0.9979029371495007,0.0022064840098157284,1.05,0.9598741745103294
df,s4_h0p50_m0p35_e0p15,4,0.5,0.35,0.15,distance_only,5,1.0,0.0,1.0,0.0,1.0,1.5700924586837752e-16,0.9395494504435415,0.04271178960117824,0.9996121804079288,0.00045022775118236526,0.9985357617871351,0.001677237938285989,0.9306534408067989,0.03642597604459708,0.9990677966101694,0.0004505406188625968,0.9970715167146867,0.0011058400053176036,1.05,0.9351014456251703
df,s6_h0p65_m0p25_e0p10,6,0.65,0.25,0.1,distance_only,5,1.0,0.0,1.0,0.0,1.0,1.5700924586837752e-16,0.9466763158697369,0.03690182107872115,0.999382361390405,0.0007974758197352242,0.997713901815492,0.0028778012017740763,0.9348188889208844,0.033796592082542015,0.9985310734463276,0.0012154281027212009,0.9960801068971901,0.002186137541096204,1.05,0.9407476023953106
df,s8_h0p40_m0p40_e0p20,8,0.4,0.4,0.2,distance_only,5,1.0,0.0,1.0,0.0,1.0,1.1102230246251565e-16,0.9487383212657547,0.03388513398970727,0.9996696351623097,0.0002190168153113699,0.9987683936270141,0.0008033449475049202,0.9449703838761332,0.04804095504139735,0.9984745762711865,0.001395198569439554,0.996058703621099,0.002448059639481228,1.05,0.946854352570944
df,s8_h0p45_m0p35_e0p20,8,0.45,0.35,0.2,distance_only,5,1.0,0.0,1.0,0.0,1.0,1.1102230246251565e-16,0.9668940722812154,0.016191340295234582,0.999569089342143,0.0005301933015021954,0.9984011656583618,0.0019801053931527667,0.9617412382565076,0.025981315799366033,0.9991949152542372,0.0007599605114302177,0.9975622656729826,0.001861165845182208,1.05,0.9643176552688615
df,s8_h0p45_m0p40_e0p15,8,0.45,0.4,0.15,distance_only,5,1.0,0.0,1.0,0.0,1.0,1.1102230246251565e-16,0.960606456246684,0.02171901235987885,0.9994254524561906,0.000766811135595503,0.9979139595848178,0.0028105962123081336,0.9618792985653777,0.028274086001165686,0.9991384180790959,0.0009280746610734166,0.9974981886816325,0.002173620774195494,1.05,0.9612428774060309
df,s6_h0p60_m0p30_e0p10,6,0.6,0.3,0.1,distance_only,5,1.0,0.0,1.0,0.0,1.0,1.5700924586837752e-16,0.9477717372570454,0.02952309194988509,0.9995116345877622,0.0004409675792303388,0.9981745666592804,0.0015859630482379758,0.9302804313073889,0.030963180461180836,0.9987005649717513,0.0011589239110017763,0.9964752294707295,0.002328632419809878,1.05,0.9390260842822171
df,s6_h0p60_m0p20_e0p20,6,0.6,0.2,0.2,distance_only,5,1.0,0.0,1.0,0.0,1.0000000000000002,1.5700924586837752e-16,0.9432359345496122,0.030575026175095013,0.9994541798333811,0.0005622975906654518,0.9979749646589283,0.0020041352523000448,0.9287440031712549,0.029726218360912667,0.9986158192090395,0.001246023711721398,0.9963253004687699,0.002443520541959362,1.05,0.9359899688604336
df,s6_h0p60_m0p25_e0p15,6,0.6,0.25,0.15,distance_only,5,1.0,0.0,1.0,0.0,1.0,1.5700924586837752e-16,0.9478118377667402,0.030155571771370647,0.9995259982763575,0.0005193819227740354,0.9982644528590253,0.001823322854962965,0.9328553781322271,0.026030670550779716,0.9986864406779661,0.0011632194183550666,0.996448790156619,0.0023666715600887795,1.05,0.9403336079494836
df,s6_h0p50_m0p40_e0p10,6,0.5,0.4,0.1,distance_only,5,1.0,0.0,1.0,0.0,1.0,1.1102230246251565e-16,0.9340756374163787,0.032515720202062205,0.9992099971272623,0.0005654989854935639,0.9970702526984054,0.002099566268636921,0.9345759836127145,0.023664369159955484,0.9987429378531072,0.001341250255811829,0.9966847899724612,0.0025679558222857987,1.05,0.9343258105145467
df,s6_h0p55_m0p25_e0p20,6,0.55,0.25,0.2,distance_only,5,1.0,0.0,1.0,0.0,1.0,1.1102230246251565e-16,0.9392827600044716,0.038446066288055365,0.9995403619649526,0.00034292836501908114,0.9982474965483348,0.0013118898546582271,0.9348476795925775,0.02661488615939226,0.9986723163841807,0.0017236558064043087,0.9967692798587799,0.0030275622953303007,1.05,0.9370652197985245
df,s6_h0p55_m0p30_e0p15,6,0.55,0.3,0.15,distance_only,5,1.0,0.0,1.0,0.0,1.0,1.5700924586837752e-16,0.9390010514553196,0.03431284241491825,0.999497270899167,0.0005001575796173927,0.9981310109596494,0.0018126473846896416,0.9292288033471937,0.030453694231138834,0.9987288135593222,0.0014914344690637564,0.9967538388998335,0.0027926899765193117,1.05,0.9341149274012567
df,s6_h0p55_m0p35_e0p10,6,0.55,0.35,0.1,distance_only,5,1.0,0.0,1.0,0.0,1.0,1.9229626863835638e-16,0.9304643923609801,0.03957874028380428,0.999382361390405,0.00045591985774503716,0.9977108161946813,0.0016526213935698193,0.927656952953493,0.027117519995439557,0.9986299435028247,0.0015290811980479481,0.996533709821381,0.00280577141760981,1.05,0.9290606726572366
df,s6_h0p40_m0p40_e0p20,6,0.4,0.4,0.2,distance_only,5,1.0,0.0,1.0,0.0,1.0,1.5700924586837752e-16,0.8770334871981449,0.07165815713035573,0.9985923585176675,0.0012792959395140462,0.995058287235949,0.004375507067769407,0.887674968108065,0.04529395817144153,0.9988700564971753,0.0012343614613664086,0.9966761090484895,0.0030039622496757985,1.05,0.8823542276531049
df,s6_h0p45_m0p35_e0p20,6,0.45,0.35,0.2,distance_only,5,1.0,0.0,1.0,0.0,1.0,1.1102230246251565e-16,0.9319758844665561,0.05779122683693976,0.9996409077851192,0.0003731795764655764,0.9986563957758487,0.0013789373690646623,0.9354240633005617,0.035028628831602245,0.9992937853107347,0.00038030824909145416,0.9976850848681835,0.0010748426282758143,1.05,0.933699973883559
df,s6_h0p45_m0p40_e0p15,6,0.45,0.4,0.15,distance_only,5,1.0,0.0,1.0,0.0,1.0,1.1102230246251565e-16,0.9060177090878423,0.06712251202729591,0.9995834530307384,0.0003880854951481176,0.9984249283091226,0.0014666572194229532,0.9107452186480437,0.046399640311378436,0.9992655367231638,0.0004341928290660575,0.9976209823040809,0.0011921506569166308,1.05,0.908381463867943
df,s6_h0p50_m0p30_e0p20,6,0.5,0.3,0.2,distance_only,5,1.0,0.0,1.0,0.0,1.0,1.5700924586837752e-16,0.934368479880775,0.03396646754229626,0.9992530881930479,0.0006515322280978016,0.9971903162555883,0.0024426607055124025,0.9347497603611992,0.02366423095241275,0.9988135593220339,0.0012929709029769207,0.9968320492617286,0.0025185287829149307,1.05,0.9345591201209871
df,s6_h0p65_m0p20_e0p15,6,0.65,0.2,0.15,distance_only,5,1.0,0.0,1.0,0.0,1.0,1.5700924586837752e-16,0.9436885277217433,0.0387611914815992,0.999382361390405,0.000868676651204187,0.9977341480976794,0.0031129289003740926,0.9265101216102515,0.04043363821298224,0.9989124293785311,0.0007681200808575479,0.9968002161292884,0.001781360415520715,1.05,0.9350993246659973
df,s8_h0p50_m0p40_e0p10,8,0.5,0.4,0.1,distance_only,5,1.0,0.0,1.0,0.0,1.0,1.9229626863835638e-16,0.9453495510071,0.045269530247997215,0.9995547256535477,0.0008099897833882105,0.9984725532021432,0.002708426219850824,0.9423480250562335,0.03584376890933497,0.9994350282485875,0.00037034210740473296,0.9981125218752741,0.0011909904562283332,1.05,0.9438487880316668
df,s8_h0p50_m0p35_e0p15,8,0.5,0.35,0.15,distance_only,5,1.0,0.0,1.0,0.0,1.0,1.1102230246251565e-16,0.9580528627449449,0.024621311964847615,0.9996409077851192,0.0006888583055605789,0.9988602239725978,0.0021092003716958324,0.9584282574025347,0.022041357403851818,0.9994915254237288,0.00041600781002893247,0.9983055377720872,0.0013041665716322772,1.05,0.9582405600737398
df,s8_h0p60_m0p30_e0p10,8,0.6,0.3,0.1,distance_only,5,0.9982300884955752,0.003957642438052731,1.0,0.0,1.0,1.9229626863835638e-16,0.9603124942528375,0.03517167805778953,0.9998707268026429,0.00015569867415027048,0.9995146482595224,0.0005761822511708614,0.9471385302088315,0.038015699967878895,0.9994209039548021,0.00029711418033845154,0.9980420183182481,0.0009319545167435355,1.0462512672765487,0.9537255122308346
df,s8_h0p65_m0p25_e0p10,8,0.65,0.25,0.1,distance_only,5,0.9982300884955752,0.003957642438052731,1.0,0.0,1.0000000000000002,1.1102230246251565e-16,0.968064236617171,0.03366299144157568,0.9998707268026429,0.0001927091046394491,0.9995230685115868,0.0007041050304354797,0.947015780592557,0.03670099239100137,0.9994350282485875,0.00030375442327128786,0.9980866443097405,0.0009393417627029156,1.0462512672765487,0.957540008604864
df,s10_h0p45_m0p35_e0p20,10,0.45,0.35,0.2,distance_only,5,0.9982300884955752,0.003957642438052731,1.0,0.0,1.0,1.1102230246251565e-16,0.9562693458388075,0.032210935467542626,0.9996552714737146,0.00046377145334569164,0.9987689442415636,0.0015660553000746062,0.9631353458149151,0.02809219160109313,0.9991666666666668,0.0004587678465794489,0.9973442790770928,0.0011528343094205516,1.0462512672765487,0.9597023458268613
df,s8_h0p60_m0p20_e0p20,8,0.6,0.2,0.2,distance_only,5,0.9982300884955752,0.003957642438052731,1.0,0.0,1.0,1.1102230246251565e-16,0.9544570122087472,0.0421517245892538,0.9998563631140478,0.00013436000383415568,0.9994567245524051,0.0005068342018861374,0.9417600875670324,0.046118171088782675,0.9992937853107344,0.00044384904978729816,0.9977062603648426,0.0012165760046473427,1.0462512672765487,0.9481085498878898
df,s10_h0p45_m0p40_e0p15,10,0.45,0.4,0.15,distance_only,5,0.9981981981981981,0.00402895131081044,1.0,0.0,1.0,1.1102230246251565e-16,0.9578692429415865,0.03518572176600322,0.9996265440965239,0.0004581769005382611,0.9986786638570926,0.0015098392049585254,0.9695847548468206,0.03059584857885421,0.9992372881355932,0.00025167414803958,0.9974855419739133,0.0006934467612564218,1.0461837225427928,0.9637269988942035
df,s12_h0p65_m0p20_e0p15,12,0.65,0.2,0.15,distance_only,5,0.9981981981981981,0.00402895131081044,1.0,0.0,1.0,0.0,0.9670771772547833,0.015514103879274089,0.9996696351623097,0.00048603632047364493,0.9988318458342029,0.0016784958160499185,0.9602186576113464,0.026929037245789593,0.9990395480225989,0.0011502847751744755,0.9973596995802383,0.0024961068458347357,1.0461837225427928,0.9636479174330648
df,s4_h0p60_m0p20_e0p20,4,0.6,0.2,0.2,distance_only,5,0.9981981981981981,0.00402895131081044,1.0,0.0,1.0,1.5700924586837752e-16,0.9462727822587433,0.03424495888634368,0.9992099971272623,0.0010395083902707775,0.9971050543055661,0.0037740104991030522,0.9366735161122428,0.03883564391921018,0.998997175141243,0.0003580167190857716,0.9968014751188328,0.0009302656981222797,1.0461837225427928,0.9414731491854931
df,s4_h0p55_m0p30_e0p15,4,0.55,0.3,0.15,distance_only,5,0.9981981981981981,0.00402895131081044,1.0,0.0,1.0,1.5700924586837752e-16,0.9520761717729588,0.03331993137676287,0.9992243608158576,0.0010620876940993893,0.9971762943001806,0.003878371826589068,0.9436603588717457,0.0371817465935387,0.9988559322033899,0.0005223124883361762,0.9965543093485041,0.0012582534814474574,1.0461837225427928,0.9478682653223522
df,s4_h0p55_m0p35_e0p10,4,0.55,0.35,0.1,distance_only,5,0.9981981981981981,0.00402895131081044,1.0,0.0,1.0,1.5700924586837752e-16,0.9540182089809512,0.034506666535595025,0.9991669060614765,0.0012671427576828231,0.9969733523624017,0.0046355323892154675,0.9365559731510498,0.042299119176305605,0.9988135593220339,0.0005270652021764528,0.9963999084444488,0.0013776728412515603,1.0461837225427928,0.9452870910660005
df,s10_h0p55_m0p30_e0p15,10,0.55,0.3,0.15,distance_only,5,0.9981981981981981,0.00402895131081044,1.0,0.0,1.0,0.0,0.9746929221709575,0.005514300453272573,0.9995259982763575,0.0005891739242170348,0.9983543328204896,0.0018842873331585104,0.9721938209445596,0.015602460654009375,0.9988700564971751,0.0007008980664293602,0.9966515596648424,0.0015396406665180533,1.0461837225427928,0.9734433715577586
df,s10_h0p55_m0p25_e0p20,10,0.55,0.25,0.2,distance_only,5,0.9981981981981981,0.00402895131081044,1.0,0.0,1.0,1.5700924586837752e-16,0.976406564062923,0.00390079368694311,0.9995978167193336,0.0006691074230883216,0.9986532989121277,0.00214626347246888,0.9673970729770801,0.014996571283250111,0.998771186440678,0.0009856692837495588,0.9965348657048899,0.0019574675526679254,1.0461837225427928,0.9719018185200016
df,s12_h0p55_m0p30_e0p15,12,0.55,0.3,0.15,distance_only,5,0.9981981981981981,0.00402895131081044,1.0,0.0,1.0,1.5700924586837752e-16,0.9638057201477744,0.015329286189243542,0.9996552714737146,0.0003421755027168103,0.9987215270204137,0.0012770872795163457,0.9508572929916383,0.02512995781376913,0.9991949152542372,0.0008672362391530411,0.9976190225707716,0.002040919657950473,1.0461837225427928,0.9573315065697063
df,s10_h0p55_m0p35_e0p10,10,0.55,0.35,0.1,distance_only,5,0.9981981981981981,0.00402895131081044,1.0,0.0,1.0,0.0,0.9761752586850975,0.007569755207212688,0.9993679977018098,0.0009160723224026902,0.997976709679099,0.0026166016602795724,0.9658744923319187,0.017221210403649777,0.9984745762711865,0.0011781303656012256,0.9959510351702245,0.002237135888748827,1.0461837225427928,0.971024875508508
df,s4_h0p65_m0p25_e0p10,4,0.65,0.25,0.1,distance_only,5,0.9981981981981981,0.00402895131081044,1.0,0.0,1.0,1.5700924586837752e-16,0.9425070678773297,0.04279697582695645,0.9992530881930479,0.0011542454957752357,0.9972410238824498,0.004187675781484438,0.9399874756941367,0.0392303609251488,0.998997175141243,0.0004902981626471957,0.9968567974009472,0.0013590784714247726,1.0461837225427928,0.9412472717857332
df,s12_h0p60_m0p20_e0p20,12,0.6,0.2,0.2,distance_only,5,0.9981981981981981,0.00402895131081044,1.0,0.0,1.0,0.0,0.9557657139382714,0.015061980382773255,0.9995547256535477,0.0005037540338049302,0.9983638240114562,0.0018670259969965533,0.9510362996480645,0.02630493590046357,0.9992514124293784,0.0007920946267124393,0.9977457309715376,0.0019591374293797597,1.0461837225427928,0.953401006793168
df,s12_h0p55_m0p25_e0p20,12,0.55,0.25,0.2,distance_only,5,0.9981981981981981,0.00402895131081044,1.0,0.0,1.0,1.5700924586837752e-16,0.9574057516147931,0.01594842435880121,0.9995834530307384,0.0004496545774920828,0.9985023381012553,0.001575867373829484,0.9508572929916383,0.02512995781376913,0.9991666666666668,0.001127070854090699,0.9977070444823578,0.0025180774857841534,1.0461837225427928,0.9541315223032157
df,s6_h0p50_m0p35_e0p15,6,0.5,0.35,0.15,distance_only,5,0.9981981981981981,0.00402895131081044,1.0,0.0,1.0,1.5700924586837752e-16,0.942198263733286,0.03992353058277498,0.9993105429474289,0.0006395471663571564,0.9973969914417671,0.0024016671243516988,0.938935066964822,0.0293607859595787,0.9987146892655367,0.001403040830627862,0.9966528996750842,0.002635467117271098,1.0461837225427928,0.940566665349054
df,s4_h0p40_m0p40_e0p20,4,0.4,0.4,0.2,distance_only,5,0.9981981981981981,0.00402895131081044,1.0,0.0,1.0,1.1102230246251565e-16,0.911702510222937,0.055129144229276006,0.9995978167193336,0.0003887494571308614,0.9984827962126758,0.0014497148917352605,0.9131096069309541,0.04474354013790675,0.999223163841808,0.0003158288103813047,0.9974612102872973,0.000862003340945798,1.0461837225427928,0.9124060585769456
df,s12_h0p65_m0p25_e0p10,12,0.65,0.25,0.1,distance_only,5,0.9981981981981981,0.00402895131081044,1.0,0.0,1.0,0.0,0.9670771772547833,0.015514103879274089,0.9996552714737146,0.0005502436457735818,0.9988396083666009,0.0017819471307237691,0.9555488412980709,0.02677184255441701,0.9990254237288134,0.001252809731180844,0.9973880292053849,0.0026364933951459205,1.0461837225427928,0.961313009276427
df,s4_h0p45_m0p35_e0p20,4,0.45,0.35,0.2,distance_only,5,0.9981981981981981,0.00402895131081044,1.0,0.0,1.0,1.5700924586837752e-16,0.9462001120554913,0.03362948975348622,0.999324906636024,0.0006671774870723017,0.9975101362606269,0.002409234825694294,0.9373593252757375,0.03118660908411811,0.9990960451977401,0.0002842459293431926,0.9971037964592954,0.0007734131696596933,1.0461837225427928,0.9417797186656144
df,s4_h0p55_m0p25_e0p20,4,0.55,0.25,0.2,distance_only,5,0.9981981981981981,0.00402895131081044,1.0,0.0,1.0,1.5700924586837752e-16,0.9534926229508196,0.02989251843289422,0.9990950876185003,0.0011829350017170206,0.9967143340504461,0.004307034985247893,0.9347000623750775,0.03668194283785123,0.9989548022598871,0.000409969640500002,0.9967095296336546,0.0010926461519939858,1.0461837225427928,0.9440963426629485
df,s4_h0p60_m0p30_e0p10,4,0.6,0.3,0.1,distance_only,5,0.9981981981981981,0.00402895131081044,1.0,0.0,1.0,1.5700924586837752e-16,0.9449488464838687,0.03605366534055225,0.9992674518816432,0.0008961491385989064,0.9973001035695488,0.003303592578304543,0.9348557674652257,0.033599985410897114,0.998997175141243,0.0004278285658435338,0.9968378562076635,0.0011001959123705803,1.0461837225427928,0.9399023069745471
df,s4_h0p65_m0p20_e0p15,4,0.65,0.2,0.15,distance_only,5,0.9981981981981981,0.00402895131081044,1.0,0.0,1.0,1.5700924586837752e-16,0.9454980872069239,0.04139603804793683,0.9993105429474289,0.0010755995755697423,0.9974543497215157,0.003909677830366099,0.9295658671659875,0.036775157198326934,0.998997175141243,0.00045604192912323865,0.9967376990909645,0.0013690011550514473,1.0461837225427928,0.9375319771864556
df,s4_h0p60_m0p25_e0p15,4,0.6,0.25,0.15,distance_only,5,0.9981981981981981,0.00402895131081044,1.0,0.0,1.0,2.220446049250313e-16,0.9568146069575244,0.028919699069903503,0.9992387245044527,0.0008775379140537504,0.9971935109577099,0.003245991565165321,0.9377008303712471,0.03190574056488733,0.9989830508474575,0.0003445285569958124,0.9968171031285733,0.0008182631064001787,1.0461837225427928,0.9472577186643858
df,s10_h0p40_m0p40_e0p20,10,0.4,0.4,0.2,distance_only,5,0.9964282866937733,0.004891094763762132,1.0,0.0,1.0,1.5700924586837752e-16,0.9548461003791218,0.027390075816216757,0.9996121804079288,0.0005622975906654135,0.9985966769746518,0.001944056106177431,0.957628343281141,0.03575124817266143,0.9992937853107344,0.0002496845978766339,0.9976478080033069,0.0007122818449726493,1.0439827393118923,0.9562372218301314
df,s12_h0p55_m0p35_e0p10,12,0.55,0.35,0.1,distance_only,5,0.9963636363636365,0.008131156281817419,1.0,0.0,1.0,0.0,0.9667242982464834,0.012830008724154438,0.9995116345877622,0.0005502436457736049,0.9982423506912932,0.001967597466812803,0.9555760346605267,0.027418264316944795,0.9991525423728813,0.0010391199837261327,0.9976031302858539,0.002337176059197205,1.0422980582227277,0.961150166453505
df,s10_h0p50_m0p35_e0p15,10,0.5,0.35,0.15,distance_only,5,0.9946894262683736,0.007873028132766429,1.0,0.0,1.0,1.5700924586837752e-16,0.9608336326427367,0.02449464945180168,0.9993392703246193,0.0008728231026957507,0.9976036978575893,0.003096664815189897,0.9523234759820125,0.023269271869111024,0.9992514124293784,0.00023739740556454294,0.9975235329411692,0.0006804126297469659,1.0407529122019905,0.9565785543123746
df,s10_h0p50_m0p40_e0p10,10,0.5,0.4,0.1,distance_only,5,0.9946894262683736,0.007873028132766429,1.0,0.0,1.0,1.1102230246251565e-16,0.9670798764552149,0.018521047718683174,0.9997270899166907,0.0002934906168012829,0.998967006097212,0.0010531764767907335,0.9601171726956708,0.02456861625267639,0.9992372881355932,0.0002565805384828801,0.9974876530589064,0.0007316371889055292,1.0407529122019905,0.9635985245754428
df,s10_h0p50_m0p30_e0p20,10,0.5,0.3,0.2,distance_only,5,0.9928548644338118,0.00978647935277004,1.0,0.0,1.0,1.5700924586837752e-16,0.959325394243075,0.024288615655646037,0.9993823613904051,0.0006918468588791634,0.9977084494424167,0.0025385650962847514,0.9506981316293954,0.020704190236228687,0.999223163841808,0.0003312440508350044,0.9974683903978528,0.0009568157909034869,1.0379616247574268,0.9550117629362351
